{
  "desktop_slide_list": [
    {
      "image": "https://www.codere.bet.ar/assets/splash-banners/girls-desktop.jpg",
      "img_alt": "",
      "ctaURL": "https://m.caba.codere.bet.ar/deportes/#/RegistroARPage",
      "tycLink": "https://m.caba.codere.bet.ar/deportes/#/PromotionsPage?url=https://www.codere.bet.ar/PromosCalidad/actives/Codere_Con_Ellas.aspx",
      "scheduled": false
    },
    {
      "image": "https://www.codere.bet.ar/assets/splash-banners/rp-offer-desktop.jpg",
      "img_alt": "river-plate",
      "ctaURL": "https://m.caba.codere.bet.ar/deportes/#/RegistroARPage",
      "tycLink": "https://m.caba.codere.bet.ar/deportes/#/PromotionsPage?url=https://www.codere.bet.ar/PromosCalidad/actives/WB-AR-SPORT.aspx",
      "scheduled": false
    },
    {
      "image": "https://www.codere.bet.ar/_catalogs/masterpage/codere/images/splash/banner8.jpg",
      "img_alt": "Casino",
      "ctaURL": "https://m.caba.codere.bet.ar/deportes/#/RegistroARPage",
      "scheduled": false
    },
    {
      "image": "https://www.codere.bet.ar/_catalogs/masterpage/codere/images/splash/banner2.jpg",
      "img_alt": "Online Codere",
      "ctaURL": "https://m.caba.codere.bet.ar/deportes/#/RegistroARPage",
      "scheduled": false
    },
    {
      "image": "https://www.codere.bet.ar/_catalogs/masterpage/codere/images/splash/payment-banner-desktop.jpg",
      "img_alt": "Methodos",
      "ctaURL": "https://m.caba.codere.bet.ar/deportes/#/RegistroARPage",
      "scheduled": false
    },
    {
      "image": "https://www.codere.bet.ar/_catalogs/masterpage/codere/images/splash/diver_desktop.jpg",
      "img_alt": "Bingo",
      "ctaText": "visitanos",
      "ctaURL": "https://bingos.codere.bet.ar/",
      "scheduled": false
    }
  ],
  "mobile_slide_list": [
    {
      "image": "https://www.codere.bet.ar/assets/splash-banners/girls-mobile.jpg",
      "img_alt": "girls",
      "ctaURL": "https://m.caba.codere.bet.ar/deportes/#/RegistroARPage",
      "tycLink": "https://m.caba.codere.bet.ar/deportes/#/PromotionsPage?url=https://www.codere.bet.ar/PromosCalidad/actives/Codere_Con_Ellas.aspx",
      "scheduled": false
    },
    {
      "image": "https://www.codere.bet.ar/assets/splash-banners/girls-mobile.jpg",
      "img_alt": "girls",
      "ctaURL": "https://m.caba.codere.bet.ar/deportes/#/RegistroARPage",
      "tycLink": "https://m.caba.codere.bet.ar/deportes/#/PromotionsPage?url=https://m.caba.codere.bet.ar/deportes/#/PromotionsPage?url=https://www.codere.bet.ar/PromosCalidad/actives/Codere_Con_Ellas.aspx",
      "startDate": "2023-06-08T12:00:00Z",
      "endDate": "2023-06-10T20:00:00Z",
      "scheduled": true
    },
    {
      "image": "https://www.codere.bet.ar/assets/splash-banners/rp-offer-mobile.jpg",
      "img_alt": "river-plate",
      "ctaURL": "https://m.caba.codere.bet.ar/deportes/#/RegistroARPage",
      "tycLink": "https://m.caba.codere.bet.ar/deportes/#/PromotionsPage?url=https://www.codere.bet.ar/PromosCalidad/actives/WB-AR-SPORT.aspx",
      "scheduled": false
    },
    {
      "image": "https://www.codere.bet.ar/_catalogs/masterpage/codere/images/splash/bannerMobile8.jpg",
      "img_alt": "Casino",
      "ctaURL": "https://m.caba.codere.bet.ar/deportes/#/RegistroARPage",
      "scheduled": false
    },
    {
      "image": "https://www.codere.bet.ar/_catalogs/masterpage/codere/images/splash/bannerMobile2.jpg",
      "img_alt": "Online Codere",
      "ctaURL": "https://m.caba.codere.bet.ar/deportes/#/RegistroARPage",
      "tycLink": "",
      "scheduled": false
    },
    {
      "image": "https://www.codere.bet.ar/_catalogs/masterpage/codere/images/splash/payment-banner-mobile.jpg",
      "img_alt": "Métodos de Pago",
      "ctaURL": "https://m.caba.codere.bet.ar/deportes/#/RegistroARPage",
      "tycLink": "",
      "scheduled": false
    },
    {
      "image": "https://www.codere.bet.ar/_catalogs/masterpage/codere/images/splash/bannerMobile6.jpg",
      "img_alt": "Bingo",
      "ctaURL": "https://bingos.codere.bet.ar/",
      "tycLink": "",
      "scheduled": false,
      "ctaText": "visitanos"
    }
  ]
}
