{
  "first_slide_list": [
    {
      "name": "MGS Multifire Roulette",
      "alt": "Juego de Casino Multifire Roulette",
      "image": "https://www.codere.bet.ar/assets/splash-games/mobile/MGSMultifireRoulette.jpg"
    },
    {
      "name": "MGS 9 Masks of Fire",
      "alt": "Juego de Casino MGS 9 Masks of Fire",
      "image": "https://www.codere.bet.ar/assets/splash-games/mobile/MGS9MasksofFire.jpg"
    },
    {
      "name": "Wild Mustang",
      "alt": "Juego de Casino Wild Mustang",
      "image": "https://www.codere.bet.ar/assets/splash-games/mobile/WildMustang.jpg"
    },
    {
      "name": "EVG Football Champions Cup",
      "alt": "Juego Football Champions Cup",
      "image": "https://www.codere.bet.ar/assets/splash-games/mobile/EVGFootballChampionsCup.jpg"
    },
    {
      "name": "EVG First Person Roulette",
      "alt": "Juego de Casino First Person Roulette",
      "image": "https://www.codere.bet.ar/assets/splash-games/mobile/RouletteCodere.jpg"
    }
  ],
  "second_slide_list": [
    {
      "name": "EVG First Person American Roulette",
      "alt": "Juego de Casino First Person American Roulette",
      "image": "https://www.codere.bet.ar/assets/splash-games/mobile/EVGFirstPersonAmericanRoulette.jpg"
    },
    {
      "name": "MGS Ancient Fortunes Zeus",
      "alt": "Juego de Casino Ancient Fortunes Zeus",
      "image": "https://www.codere.bet.ar/assets/splash-games/mobile/MGSAncientFortunesZeus.jpg"
    },
    {
      "name": "Royal Diamond",
      "alt": "Juego de Casino Royal Diamond",
      "image": "https://www.codere.bet.ar/assets/splash-games/mobile/RoyalDiamond.jpg"
    },
    {
      "name": "EVG Jumanji",
      "alt": "Juego de Casino Jumanji",
      "image": "https://www.codere.bet.ar/assets/splash-games/mobile/Jumanji.jpg"
    },
    {
      "name": "EVG First Person Lightning Roulette",
      "alt": "Juego de Casino First Person Lightning Roulette",
      "image": "https://www.codere.bet.ar/assets/splash-games/mobile/EVGFirstPersonLightningRoulette.jpg"
    },
    {
      "name": "EVG Divine Fortune Megaways",
      "alt": "Juego de Casino Divine Fortune Megaways",
      "image": "https://www.codere.bet.ar/assets/splash-games/mobile/DivineFortune.jpg"
    }
  ]
}
